iso_code,continent,location,date,total_cases,new_cases,new_cases_smoothed,total_deaths,new_deaths,new_deaths_smoothed,total_cases_per_million,new_cases_per_million,new_cases_smoothed_per_million,total_deaths_per_million,new_deaths_per_million,new_deaths_smoothed_per_million,new_tests,total_tests,total_tests_per_thousand,new_tests_per_thousand,new_tests_smoothed,new_tests_smoothed_per_thousand,tests_per_case,positive_rate,tests_units,stringency_index,population,population_density,median_age,aged_65_older,aged_70_older,gdp_per_capita,extreme_poverty,cardiovasc_death_rate,diabetes_prevalence,female_smokers,male_smokers,handwashing_facilities,hospital_beds_per_thousand,life_expectancy,human_development_index;;
CHL,South America,Chile,2020-03-04,1.0,1.0,,0.0,0.0,,0.052,0.052,,0.0,0.0,,,,,,,,,,,0.0,19116209.0,24.282,35.4,11.087,6.938,22767.037,1.3,127.993,8.46,34.2,41.5,,2.11,80.18,0.843;;
CHL,South America,Chile,2020-03-05,3.0,2.0,,0.0,0.0,,0.157,0.105,,0.0,0.0,,,,,,,,,,,0.0,19116209.0,24.282,35.4,11.087,6.938,22767.037,1.3,127.993,8.46,34.2,41.5,,2.11,80.18,0.843;;
CHL,South America,Chile,2020-03-06,4.0,1.0,,0.0,0.0,,0.209,0.052,,0.0,0.0,,,,,,,,,,,0.0,19116209.0,24.282,35.4,11.087,6.938,22767.037,1.3,127.993,8.46,34.2,41.5,,2.11,80.18,0.843;;
CHL,South America,Chile,2020-03-07,5.0,1.0,,0.0,0.0,,0.262,0.052,,0.0,0.0,,,,,,,,,,,0.0,19116209.0,24.282,35.4,11.087,6.938,22767.037,1.3,127.993,8.46,34.2,41.5,,2.11,80.18,0.843;;
CHL,South America,Chile,2020-03-09,10.0,5.0,,0.0,0.0,,0.523,0.262,,0.0,0.0,,,,,,,,,,,0.0,19116209.0,24.282,35.4,11.087,6.938,22767.037,1.3,127.993,8.46,34.2,41.5,,2.11,80.18,0.843;;
CHL,South America,Chile,2020-03-10,13.0,3.0,1.857,0.0,0.0,0.0,0.68,0.157,0.097,0.0,0.0,0.0,,,,,,,,,,0.0,19116209.0,24.282,35.4,11.087,6.938,22767.037,1.3,127.993,8.46,34.2,41.5,,2.11,80.18,0.843;;
CHL,South America,Chile,2020-03-11,17.0,4.0,2.286,0.0,0.0,0.0,0.889,0.209,0.12,0.0,0.0,0.0,,,,,,,,,,0.0,19116209.0,24.282,35.4,11.087,6.938,22767.037,1.3,127.993,8.46,34.2,41.5,,2.11,80.18,0.843;;
CHL,South America,Chile,2020-03-12,23.0,6.0,2.857,0.0,0.0,0.0,1.203,0.314,0.149,0.0,0.0,0.0,,,,,,,,,,0.0,19116209.0,24.282,35.4,11.087,6.938,22767.037,1.3,127.993,8.46,34.2,41.5,,2.11,80.18,0.843;;
CHL,South America,Chile,2020-03-13,33.0,10.0,4.143,0.0,0.0,0.0,1.726,0.523,0.217,0.0,0.0,0.0,,,,,,,,,,0.0,19116209.0,24.282,35.4,11.087,6.938,22767.037,1.3,127.993,8.46,34.2,41.5,,2.11,80.18,0.843;;
CHL,South America,Chile,2020-03-14,43.0,10.0,5.429,0.0,0.0,0.0,2.249,0.523,0.284,0.0,0.0,0.0,,,,,,,,,,11.11,19116209.0,24.282,35.4,11.087,6.938,22767.037,1.3,127.993,8.46,34.2,41.5,,2.11,80.18,0.843;;
CHL,South America,Chile,2020-03-15,61.0,18.0,8.0,0.0,0.0,0.0,3.191,0.942,0.418,0.0,0.0,0.0,,,,,,,,,,22.22,19116209.0,24.282,35.4,11.087,6.938,22767.037,1.3,127.993,8.46,34.2,41.5,,2.11,80.18,0.843;;
CHL,South America,Chile,2020-03-16,75.0,14.0,9.286,0.0,0.0,0.0,3.923,0.732,0.486,0.0,0.0,0.0,,,,,,,,,,47.22,19116209.0,24.282,35.4,11.087,6.938,22767.037,1.3,127.993,8.46,34.2,41.5,,2.11,80.18,0.843;;
CHL,South America,Chile,2020-03-17,156.0,81.0,20.429,0.0,0.0,0.0,8.161,4.237,1.069,0.0,0.0,0.0,,,,,,,,,,47.22,19116209.0,24.282,35.4,11.087,6.938,22767.037,1.3,127.993,8.46,34.2,41.5,,2.11,80.18,0.843;;
CHL,South America,Chile,2020-03-18,201.0,45.0,26.286,0.0,0.0,0.0,10.515,2.354,1.375,0.0,0.0,0.0,,,,,,,,,,55.56,19116209.0,24.282,35.4,11.087,6.938,22767.037,1.3,127.993,8.46,34.2,41.5,,2.11,80.18,0.843;;
CHL,South America,Chile,2020-03-19,238.0,37.0,30.714,0.0,0.0,0.0,12.45,1.936,1.607,0.0,0.0,0.0,,,,,,,,,,55.56,19116209.0,24.282,35.4,11.087,6.938,22767.037,1.3,127.993,8.46,34.2,41.5,,2.11,80.18,0.843;;
CHL,South America,Chile,2020-03-20,342.0,104.0,44.143,0.0,0.0,0.0,17.891,5.44,2.309,0.0,0.0,0.0,,,,,,,,,,55.56,19116209.0,24.282,35.4,11.087,6.938,22767.037,1.3,127.993,8.46,34.2,41.5,,2.11,80.18,0.843;;
CHL,South America,Chile,2020-03-21,434.0,92.0,55.857,0.0,0.0,0.0,22.703,4.813,2.922,0.0,0.0,0.0,,,,,,,,,,51.85,19116209.0,24.282,35.4,11.087,6.938,22767.037,1.3,127.993,8.46,34.2,41.5,,2.11,80.18,0.843;;
CHL,South America,Chile,2020-03-22,537.0,103.0,68.0,0.0,0.0,0.0,28.091,5.388,3.557,0.0,0.0,0.0,,,,,,,,,,51.85,19116209.0,24.282,35.4,11.087,6.938,22767.037,1.3,127.993,8.46,34.2,41.5,,2.11,80.18,0.843;;
CHL,South America,Chile,2020-03-23,632.0,95.0,79.571,1.0,1.0,0.143,33.061,4.97,4.163,0.052,0.052,0.007,,,,,,,,,,51.85,19116209.0,24.282,35.4,11.087,6.938,22767.037,1.3,127.993,8.46,34.2,41.5,,2.11,80.18,0.843;;
CHL,South America,Chile,2020-03-24,746.0,114.0,84.286,2.0,1.0,0.286,39.024,5.964,4.409,0.105,0.052,0.015,,,,,,,,,,51.85,19116209.0,24.282,35.4,11.087,6.938,22767.037,1.3,127.993,8.46,34.2,41.5,,2.11,80.18,0.843;;
CHL,South America,Chile,2020-03-25,922.0,176.0,103.0,2.0,0.0,0.286,48.231,9.207,5.388,0.105,0.0,0.015,3290.0,3290.0,0.172,0.172,,,,,tests performed,73.15,19116209.0,24.282,35.4,11.087,6.938,22767.037,1.3,127.993,8.46,34.2,41.5,,2.11,80.18,0.843;;
CHL,South America,Chile,2020-03-26,1142.0,220.0,129.143,3.0,1.0,0.429,59.74,11.509,6.756,0.157,0.052,0.022,4886.0,8176.0,0.428,0.256,,,,,tests performed,73.15,19116209.0,24.282,35.4,11.087,6.938,22767.037,1.3,127.993,8.46,34.2,41.5,,2.11,80.18,0.843;;
CHL,South America,Chile,2020-03-27,1306.0,164.0,137.714,4.0,1.0,0.571,68.319,8.579,7.204,0.209,0.052,0.03,7387.0,15563.0,0.814,0.386,,,,,tests performed,73.15,19116209.0,24.282,35.4,11.087,6.938,22767.037,1.3,127.993,8.46,34.2,41.5,,2.11,80.18,0.843;;
CHL,South America,Chile,2020-03-28,1610.0,304.0,168.0,5.0,1.0,0.714,84.222,15.903,8.788,0.262,0.052,0.037,3534.0,19097.0,0.999,0.185,,,,,tests performed,73.15,19116209.0,24.282,35.4,11.087,6.938,22767.037,1.3,127.993,8.46,34.2,41.5,,2.11,80.18,0.843;;
CHL,South America,Chile,2020-03-29,1909.0,299.0,196.0,6.0,1.0,0.857,99.863,15.641,10.253,0.314,0.052,0.045,1777.0,20874.0,1.092,0.093,,,,,tests performed,73.15,19116209.0,24.282,35.4,11.087,6.938,22767.037,1.3,127.993,8.46,34.2,41.5,,2.11,80.18,0.843;;
CHL,South America,Chile,2020-03-30,2139.0,230.0,215.286,7.0,1.0,0.857,111.895,12.032,11.262,0.366,0.052,0.045,3680.0,24554.0,1.284,0.193,,,,,tests performed,73.15,19116209.0,24.282,35.4,11.087,6.938,22767.037,1.3,127.993,8.46,34.2,41.5,,2.11,80.18,0.843;;
CHL,South America,Chile,2020-03-31,2449.0,310.0,243.286,8.0,1.0,0.857,128.111,16.217,12.727,0.418,0.052,0.045,3046.0,27600.0,1.444,0.159,,,,,tests performed,73.15,19116209.0,24.282,35.4,11.087,6.938,22767.037,1.3,127.993,8.46,34.2,41.5,,2.11,80.18,0.843;;
CHL,South America,Chile,2020-04-01,2738.0,289.0,259.429,12.0,4.0,1.429,143.229,15.118,13.571,0.628,0.209,0.075,2898.0,30498.0,1.595,0.152,3887.0,0.203,14.982999999999999,0.067,tests performed,73.15,19116209.0,24.282,35.4,11.087,6.938,22767.037,1.3,127.993,8.46,34.2,41.5,,2.11,80.18,0.843;;
CHL,South America,Chile,2020-04-02,3031.0,293.0,269.857,16.0,4.0,1.857,158.557,15.327,14.117,0.837,0.209,0.097,2685.0,33183.0,1.736,0.14,3572.0,0.187,13.237,0.076,tests performed,73.15,19116209.0,24.282,35.4,11.087,6.938,22767.037,1.3,127.993,8.46,34.2,41.5,,2.11,80.18,0.843;;
CHL,South America,Chile,2020-04-03,3404.0,373.0,299.714,18.0,2.0,2.0,178.069,19.512,15.679,0.942,0.105,0.105,3405.0,36588.0,1.914,0.178,3004.0,0.157,10.023,0.1,tests performed,73.15,19116209.0,24.282,35.4,11.087,6.938,22767.037,1.3,127.993,8.46,34.2,41.5,,2.11,80.18,0.843;;
CHL,South America,Chile,2020-04-04,3737.0,333.0,303.857,22.0,4.0,2.429,195.489,17.42,15.895,1.151,0.209,0.127,4483.0,41071.0,2.148,0.235,3139.0,0.164,10.331,0.09699999999999999,tests performed,73.15,19116209.0,24.282,35.4,11.087,6.938,22767.037,1.3,127.993,8.46,34.2,41.5,,2.11,80.18,0.843;;
CHL,South America,Chile,2020-04-05,4161.0,424.0,321.714,27.0,5.0,3.0,217.669,22.18,16.829,1.412,0.262,0.157,3343.0,44414.0,2.323,0.175,3363.0,0.176,10.453,0.096,tests performed,73.15,19116209.0,24.282,35.4,11.087,6.938,22767.037,1.3,127.993,8.46,34.2,41.5,,2.11,80.18,0.843;;
CHL,South America,Chile,2020-04-06,4471.0,310.0,333.143,34.0,7.0,3.857,233.885,16.217,17.427,1.779,0.366,0.202,2908.0,47322.0,2.475,0.152,3253.0,0.17,9.765,0.102,tests performed,73.15,19116209.0,24.282,35.4,11.087,6.938,22767.037,1.3,127.993,8.46,34.2,41.5,,2.11,80.18,0.843;;
CHL,South America,Chile,2020-04-07,4815.0,344.0,338.0,37.0,3.0,4.143,251.88,17.995,17.681,1.936,0.157,0.217,2258.0,49580.0,2.594,0.118,3140.0,0.164,9.29,0.10800000000000001,tests performed,73.15,19116209.0,24.282,35.4,11.087,6.938,22767.037,1.3,127.993,8.46,34.2,41.5,,2.11,80.18,0.843;;
CHL,South America,Chile,2020-04-08,5116.0,301.0,339.714,43.0,6.0,4.429,267.626,15.746,17.771,2.249,0.314,0.232,3269.0,52849.0,2.765,0.171,3193.0,0.167,9.399,0.106,tests performed,73.15,19116209.0,24.282,35.4,11.087,6.938,22767.037,1.3,127.993,8.46,34.2,41.5,,2.11,80.18,0.843;;
CHL,South America,Chile,2020-04-09,5546.0,430.0,359.286,48.0,5.0,4.571,290.12,22.494,18.795,2.511,0.262,0.239,7962.0,60811.0,3.181,0.417,3947.0,0.206,10.985999999999999,0.091,tests performed,73.15,19116209.0,24.282,35.4,11.087,6.938,22767.037,1.3,127.993,8.46,34.2,41.5,,2.11,80.18,0.843;;
CHL,South America,Chile,2020-04-10,5972.0,426.0,366.857,57.0,9.0,5.571,312.405,22.285,19.191,2.982,0.471,0.291,4444.0,65255.0,3.414,0.232,4095.0,0.214,11.162,0.09,tests performed,73.15,19116209.0,24.282,35.4,11.087,6.938,22767.037,1.3,127.993,8.46,34.2,41.5,,2.11,80.18,0.843;;
CHL,South America,Chile,2020-04-11,6501.0,529.0,394.857,65.0,8.0,6.143,340.078,27.673,20.656,3.4,0.418,0.321,3577.0,68832.0,3.601,0.187,3966.0,0.207,10.044,0.1,tests performed,73.15,19116209.0,24.282,35.4,11.087,6.938,22767.037,1.3,127.993,8.46,34.2,41.5,,2.11,80.18,0.843;;
CHL,South America,Chile,2020-04-12,6927.0,426.0,395.143,73.0,8.0,6.571,362.363,22.285,20.671,3.819,0.418,0.344,5897.0,74729.0,3.909,0.308,4331.0,0.227,10.960999999999999,0.091,tests performed,73.15,19116209.0,24.282,35.4,11.087,6.938,22767.037,1.3,127.993,8.46,34.2,41.5,,2.11,80.18,0.843;;
CHL,South America,Chile,2020-04-13,7213.0,286.0,391.714,80.0,7.0,6.571,377.324,14.961,20.491,4.185,0.366,0.344,2764.0,77493.0,4.054,0.145,4310.0,0.225,11.003,0.091,tests performed,73.15,19116209.0,24.282,35.4,11.087,6.938,22767.037,1.3,127.993,8.46,34.2,41.5,,2.11,80.18,0.843;;
CHL,South America,Chile,2020-04-14,7525.0,312.0,387.143,82.0,2.0,6.429,393.645,16.321,20.252,4.29,0.105,0.336,2759.0,80252.0,4.198,0.144,4382.0,0.229,11.319,0.08800000000000001,tests performed,73.15,19116209.0,24.282,35.4,11.087,6.938,22767.037,1.3,127.993,8.46,34.2,41.5,,2.11,80.18,0.843;;
CHL,South America,Chile,2020-04-15,7917.0,392.0,400.143,92.0,10.0,7.0,414.151,20.506,20.932,4.813,0.523,0.366,4079.0,84331.0,4.411,0.213,4497.0,0.235,11.238,0.08900000000000001,tests performed,73.15,19116209.0,24.282,35.4,11.087,6.938,22767.037,1.3,127.993,8.46,34.2,41.5,,2.11,80.18,0.843;;
CHL,South America,Chile,2020-04-16,8273.0,356.0,389.571,94.0,2.0,6.571,432.774,18.623,20.379,4.917,0.105,0.344,6551.0,90882.0,4.754,0.343,4296.0,0.225,11.027999999999999,0.091,tests performed,73.15,19116209.0,24.282,35.4,11.087,6.938,22767.037,1.3,127.993,8.46,34.2,41.5,,2.11,80.18,0.843;;
CHL,South America,Chile,2020-04-17,8807.0,534.0,405.0,105.0,11.0,6.857,460.709,27.934,21.186,5.493,0.575,0.359,5449.0,96331.0,5.039,0.285,4439.0,0.232,10.96,0.091,tests performed,73.15,19116209.0,24.282,35.4,11.087,6.938,22767.037,1.3,127.993,8.46,34.2,41.5,,2.11,80.18,0.843;;
CHL,South America,Chile,2020-04-18,9252.0,445.0,393.0,116.0,11.0,7.286,483.987,23.279,20.558,6.068,0.575,0.381,5018.0,101349.0,5.302,0.262,4645.0,0.243,11.819,0.085,tests performed,73.15,19116209.0,24.282,35.4,11.087,6.938,22767.037,1.3,127.993,8.46,34.2,41.5,,2.11,80.18,0.843;;
CHL,South America,Chile,2020-04-19,9730.0,478.0,400.429,126.0,10.0,7.571,508.992,25.005,20.947,6.591,0.523,0.396,4758.0,106107.0,5.551,0.249,4483.0,0.235,11.196,0.08900000000000001,tests performed,73.15,19116209.0,24.282,35.4,11.087,6.938,22767.037,1.3,127.993,8.46,34.2,41.5,,2.11,80.18,0.843;;
CHL,South America,Chile,2020-04-20,10088.0,358.0,410.714,133.0,7.0,7.571,527.72,18.728,21.485,6.957,0.366,0.396,5178.0,111285.0,5.821,0.271,4827.0,0.253,11.753,0.085,tests performed,73.15,19116209.0,24.282,35.4,11.087,6.938,22767.037,1.3,127.993,8.46,34.2,41.5,,2.11,80.18,0.843;;
CHL,South America,Chile,2020-04-21,10507.0,419.0,426.0,139.0,6.0,8.143,549.638,21.919,22.285,7.271,0.314,0.426,3530.0,114815.0,6.006,0.185,4938.0,0.258,11.592,0.086,tests performed,73.15,19116209.0,24.282,35.4,11.087,6.938,22767.037,1.3,127.993,8.46,34.2,41.5,,2.11,80.18,0.843;;
CHL,South America,Chile,2020-04-22,10832.0,325.0,416.429,147.0,8.0,7.857,566.64,17.001,21.784,7.69,0.418,0.411,6365.0,121180.0,6.339,0.333,5264.0,0.275,12.640999999999998,0.079,tests performed,73.15,19116209.0,24.282,35.4,11.087,6.938,22767.037,1.3,127.993,8.46,34.2,41.5,,2.11,80.18,0.843;;
CHL,South America,Chile,2020-04-23,11296.0,464.0,431.857,160.0,13.0,9.429,590.912,24.273,22.591,8.37,0.68,0.493,6425.0,127605.0,6.675,0.336,5246.0,0.274,12.148,0.08199999999999999,tests performed,73.15,19116209.0,24.282,35.4,11.087,6.938,22767.037,1.3,127.993,8.46,34.2,41.5,,2.11,80.18,0.843;;
CHL,South America,Chile,2020-04-24,11812.0,516.0,429.286,168.0,8.0,9.0,617.905,26.993,22.457,8.788,0.418,0.471,7120.0,134725.0,7.048,0.372,5485.0,0.287,12.777000000000001,0.078,tests performed,73.15,19116209.0,24.282,35.4,11.087,6.938,22767.037,1.3,127.993,8.46,34.2,41.5,,2.11,80.18,0.843;;
CHL,South America,Chile,2020-04-25,12306.0,494.0,436.286,174.0,6.0,8.286,643.747,25.842,22.823,9.102,0.314,0.433,6945.0,141670.0,7.411,0.363,5760.0,0.301,13.202,0.076,tests performed,73.15,19116209.0,24.282,35.4,11.087,6.938,22767.037,1.3,127.993,8.46,34.2,41.5,,2.11,80.18,0.843;;
CHL,South America,Chile,2020-04-26,12858.0,552.0,446.857,181.0,7.0,7.857,672.623,28.876,23.376,9.468,0.366,0.411,6763.0,148433.0,7.765,0.354,6047.0,0.316,13.532,0.07400000000000001,tests performed,73.15,19116209.0,24.282,35.4,11.087,6.938,22767.037,1.3,127.993,8.46,34.2,41.5,,2.11,80.18,0.843;;
CHL,South America,Chile,2020-04-27,13331.0,473.0,463.286,189.0,8.0,8.0,697.366,24.743,24.235,9.887,0.418,0.418,5260.0,153693.0,8.04,0.275,6058.0,0.317,13.075999999999999,0.076,tests performed,73.15,19116209.0,24.282,35.4,11.087,6.938,22767.037,1.3,127.993,8.46,34.2,41.5,,2.11,80.18,0.843;;
CHL,South America,Chile,2020-04-28,13813.0,482.0,472.286,198.0,9.0,8.429,722.581,25.214,24.706,10.358,0.471,0.441,4930.0,158623.0,8.298,0.258,6258.0,0.327,13.25,0.075,tests performed,73.15,19116209.0,24.282,35.4,11.087,6.938,22767.037,1.3,127.993,8.46,34.2,41.5,,2.11,80.18,0.843;;
CHL,South America,Chile,2020-04-29,14365.0,552.0,504.714,207.0,9.0,8.571,751.457,28.876,26.402,10.829,0.471,0.448,6454.0,165077.0,8.635,0.338,6271.0,0.328,12.425,0.08,tests performed,73.15,19116209.0,24.282,35.4,11.087,6.938,22767.037,1.3,127.993,8.46,34.2,41.5,,2.11,80.18,0.843;;
CHL,South America,Chile,2020-04-30,14885.0,520.0,512.714,216.0,9.0,8.0,778.659,27.202,26.821,11.299,0.471,0.418,7898.0,172975.0,9.049,0.413,6481.0,0.339,12.640999999999998,0.079,tests performed,73.15,19116209.0,24.282,35.4,11.087,6.938,22767.037,1.3,127.993,8.46,34.2,41.5,,2.11,80.18,0.843;;
CHL,South America,Chile,2020-05-01,16023.0,1138.0,601.571,227.0,11.0,8.429,838.189,59.531,31.469,11.875,0.575,0.441,8916.0,181891.0,9.515,0.466,6738.0,0.352,11.200999999999999,0.08900000000000001,tests performed,73.15,19116209.0,24.282,35.4,11.087,6.938,22767.037,1.3,127.993,8.46,34.2,41.5,,2.11,80.18,0.843;;
CHL,South America,Chile,2020-05-02,17008.0,985.0,671.714,234.0,7.0,8.571,889.716,51.527,35.138,12.241,0.366,0.448,9967.0,191858.0,10.036,0.521,7170.0,0.375,10.674000000000001,0.094,tests performed,73.15,19116209.0,24.282,35.4,11.087,6.938,22767.037,1.3,127.993,8.46,34.2,41.5,,2.11,80.18,0.843;;
CHL,South America,Chile,2020-05-03,18435.0,1427.0,796.714,247.0,13.0,9.429,964.365,74.649,41.677,12.921,0.68,0.493,6818.0,198676.0,10.393,0.357,7178.0,0.375,9.01,0.111,tests performed,73.15,19116209.0,24.282,35.4,11.087,6.938,22767.037,1.3,127.993,8.46,34.2,41.5,,2.11,80.18,0.843;;
CHL,South America,Chile,2020-05-04,19663.0,1228.0,904.571,260.0,13.0,10.143,1028.604,64.239,47.32,13.601,0.68,0.531,7913.0,206589.0,10.807,0.414,7557.0,0.395,8.354,0.12,tests performed,73.15,19116209.0,24.282,35.4,11.087,6.938,22767.037,1.3,127.993,8.46,34.2,41.5,,2.11,80.18,0.843;;
CHL,South America,Chile,2020-05-05,20643.0,980.0,975.714,270.0,10.0,10.286,1079.869,51.265,51.041,14.124,0.523,0.538,7964.0,214553.0,11.224,0.417,7990.0,0.418,8.189,0.122,tests performed,73.15,19116209.0,24.282,35.4,11.087,6.938,22767.037,1.3,127.993,8.46,34.2,41.5,,2.11,80.18,0.843;;
CHL,South America,Chile,2020-05-06,22016.0,1373.0,1093.0,275.0,5.0,9.714,1151.693,71.824,57.177,14.386,0.262,0.508,10013.0,224566.0,11.747,0.524,8498.0,0.445,7.775,0.129,tests performed,73.15,19116209.0,24.282,35.4,11.087,6.938,22767.037,1.3,127.993,8.46,34.2,41.5,,2.11,80.18,0.843;;
CHL,South America,Chile,2020-05-07,23048.0,1032.0,1166.143,281.0,6.0,9.286,1205.678,53.986,61.003,14.7,0.314,0.486,12118.0,236684.0,12.381,0.634,9101.0,0.476,7.803999999999999,0.128,tests performed,73.15,19116209.0,24.282,35.4,11.087,6.938,22767.037,1.3,127.993,8.46,34.2,41.5,,2.11,80.18,0.843;;
CHL,South America,Chile,2020-05-08,24581.0,1533.0,1222.571,285.0,4.0,8.286,1285.872,80.194,63.955,14.909,0.209,0.433,11735.0,248419.0,12.995,0.614,9504.0,0.497,7.774,0.129,tests performed,75.93,19116209.0,24.282,35.4,11.087,6.938,22767.037,1.3,127.993,8.46,34.2,41.5,,2.11,80.18,0.843;;
CHL,South America,Chile,2020-05-09,25972.0,1391.0,1280.571,294.0,9.0,8.571,1358.638,72.765,66.989,15.38,0.471,0.448,11943.0,260362.0,13.62,0.625,9786.0,0.512,7.642,0.131,tests performed,75.93,19116209.0,24.282,35.4,11.087,6.938,22767.037,1.3,127.993,8.46,34.2,41.5,,2.11,80.18,0.843;;
CHL,South America,Chile,2020-05-10,27219.0,1247.0,1254.857,304.0,10.0,8.143,1423.87,65.233,65.644,15.903,0.523,0.426,12780.0,273142.0,14.289,0.669,10638.0,0.556,8.477,0.11800000000000001,tests performed,75.93,19116209.0,24.282,35.4,11.087,6.938,22767.037,1.3,127.993,8.46,34.2,41.5,,2.11,80.18,0.843;;
CHL,South America,Chile,2020-05-11,28866.0,1647.0,1314.714,312.0,8.0,7.429,1510.027,86.157,68.775,16.321,0.418,0.389,13373.0,286515.0,14.988,0.7,11418.0,0.597,8.685,0.115,tests performed,75.93,19116209.0,24.282,35.4,11.087,6.938,22767.037,1.3,127.993,8.46,34.2,41.5,,2.11,80.18,0.843;;
CHL,South America,Chile,2020-05-12,30063.0,1197.0,1345.714,323.0,11.0,7.571,1572.644,62.617,70.397,16.897,0.575,0.396,9283.0,295798.0,15.474,0.486,11606.0,0.607,8.624,0.11599999999999999,tests performed,75.93,19116209.0,24.282,35.4,11.087,6.938,22767.037,1.3,127.993,8.46,34.2,41.5,,2.11,80.18,0.843;;
CHL,South America,Chile,2020-05-13,31721.0,1658.0,1386.429,335.0,12.0,8.571,1659.377,86.733,72.526,17.524,0.628,0.448,10410.0,306208.0,16.018,0.545,11663.0,0.61,8.412,0.11900000000000001,tests performed,75.93,19116209.0,24.282,35.4,11.087,6.938,22767.037,1.3,127.993,8.46,34.2,41.5,,2.11,80.18,0.843;;
CHL,South America,Chile,2020-05-14,34381.0,2660.0,1619.0,346.0,11.0,9.286,1798.526,139.149,84.693,18.1,0.575,0.486,11502.0,317710.0,16.62,0.602,11575.0,0.606,7.149,0.14,tests performed,75.93,19116209.0,24.282,35.4,11.087,6.938,22767.037,1.3,127.993,8.46,34.2,41.5,,2.11,80.18,0.843;;
CHL,South America,Chile,2020-05-15,37040.0,2659.0,1779.857,358.0,12.0,10.429,1937.623,139.097,93.107,18.728,0.628,0.546,16095.0,333805.0,17.462,0.842,12198.0,0.638,6.853,0.146,tests performed,78.24,19116209.0,24.282,35.4,11.087,6.938,22767.037,1.3,127.993,8.46,34.2,41.5,,2.11,80.18,0.843;;
CHL,South America,Chile,2020-05-16,39542.0,2502.0,1938.571,394.0,36.0,14.286,2068.506,130.884,101.41,20.611,1.883,0.747,8813.0,342618.0,17.923,0.461,11751.0,0.615,6.062,0.165,tests performed,78.24,19116209.0,24.282,35.4,11.087,6.938,22767.037,1.3,127.993,8.46,34.2,41.5,,2.11,80.18,0.843;;
CHL,South America,Chile,2020-05-17,41428.0,1886.0,2029.857,421.0,27.0,16.714,2167.166,98.66,106.185,22.023,1.412,0.874,13171.0,355789.0,18.612,0.689,11807.0,0.618,5.817,0.172,tests performed,78.24,19116209.0,24.282,35.4,11.087,6.938,22767.037,1.3,127.993,8.46,34.2,41.5,,2.11,80.18,0.843;;
CHL,South America,Chile,2020-05-18,43781.0,2353.0,2130.714,450.0,29.0,19.714,2290.255,123.089,111.461,23.54,1.517,1.031,17515.0,373304.0,19.528,0.916,12398.0,0.649,5.819,0.172,tests performed,78.24,19116209.0,24.282,35.4,11.087,6.938,22767.037,1.3,127.993,8.46,34.2,41.5,,2.11,80.18,0.843;;
CHL,South America,Chile,2020-05-19,46059.0,2278.0,2285.143,478.0,28.0,22.143,2409.421,119.166,119.54,25.005,1.465,1.158,16189.0,389493.0,20.375,0.847,13385.0,0.7,5.857,0.171,tests performed,78.24,19116209.0,24.282,35.4,11.087,6.938,22767.037,1.3,127.993,8.46,34.2,41.5,,2.11,80.18,0.843;;
CHL,South America,Chile,2020-05-20,49579.0,3520.0,2551.143,509.0,31.0,24.857,2593.558,184.137,133.454,26.627,1.622,1.3,12469.0,401962.0,21.027,0.652,13679.0,0.716,5.362,0.187,tests performed,78.24,19116209.0,24.282,35.4,11.087,6.938,22767.037,1.3,127.993,8.46,34.2,41.5,,2.11,80.18,0.843;;
CHL,South America,Chile,2020-05-21,53617.0,4038.0,2748.0,544.0,35.0,28.286,2804.793,211.234,143.752,28.458,1.831,1.48,16334.0,418296.0,21.882,0.854,14369.0,0.752,5.229,0.191,tests performed,78.24,19116209.0,24.282,35.4,11.087,6.938,22767.037,1.3,127.993,8.46,34.2,41.5,,2.11,80.18,0.843;;
CHL,South America,Chile,2020-05-22,57581.0,3964.0,2934.429,589.0,45.0,33.0,3012.156,207.363,153.505,30.812,2.354,1.726,16090.0,434386.0,22.723,0.842,14369.0,0.752,4.897,0.204,tests performed,78.24,19116209.0,24.282,35.4,11.087,6.938,22767.037,1.3,127.993,8.46,34.2,41.5,,2.11,80.18,0.843;;
CHL,South America,Chile,2020-05-23,61857.0,4276.0,3187.857,630.0,41.0,33.714,3235.84,223.685,166.762,32.956,2.145,1.764,15239.0,449625.0,23.521,0.797,15287.0,0.8,4.795,0.209,tests performed,78.24,19116209.0,24.282,35.4,11.087,6.938,22767.037,1.3,127.993,8.46,34.2,41.5,,2.11,80.18,0.843;;
CHL,South America,Chile,2020-05-24,65393.0,3536.0,3423.571,673.0,43.0,36.0,3420.814,184.974,179.093,35.206,2.249,1.883,14426.0,464051.0,24.275,0.755,15466.0,0.809,4.518,0.221,tests performed,78.24,19116209.0,24.282,35.4,11.087,6.938,22767.037,1.3,127.993,8.46,34.2,41.5,,2.11,80.18,0.843;;
CHL,South America,Chile,2020-05-25,69102.0,3709.0,3617.286,718.0,45.0,38.286,3614.838,194.024,189.226,37.56,2.354,2.003,16283.0,480334.0,25.127,0.852,15290.0,0.8,4.227,0.237,tests performed,78.24,19116209.0,24.282,35.4,11.087,6.938,22767.037,1.3,127.993,8.46,34.2,41.5,,2.11,80.18,0.843;;
CHL,South America,Chile,2020-05-26,73997.0,4895.0,3991.143,761.0,43.0,40.429,3870.903,256.065,208.783,39.809,2.249,2.115,13084.0,493418.0,25.811,0.684,14846.0,0.777,3.72,0.26899999999999996,tests performed,78.24,19116209.0,24.282,35.4,11.087,6.938,22767.037,1.3,127.993,8.46,34.2,41.5,,2.11,80.18,0.843;;
CHL,South America,Chile,2020-05-27,77961.0,3964.0,4054.571,806.0,45.0,42.429,4078.267,207.363,212.101,42.163,2.354,2.22,13398.0,506816.0,26.512,0.701,14979.0,0.784,3.694,0.271,tests performed,78.24,19116209.0,24.282,35.4,11.087,6.938,22767.037,1.3,127.993,8.46,34.2,41.5,,2.11,80.18,0.843;;
CHL,South America,Chile,2020-05-28,82289.0,4328.0,4096.0,841.0,35.0,42.429,4304.671,226.405,214.268,43.994,1.831,2.22,15650.0,522466.0,27.331,0.819,14881.0,0.778,3.633,0.275,tests performed,78.24,19116209.0,24.282,35.4,11.087,6.938,22767.037,1.3,127.993,8.46,34.2,41.5,,2.11,80.18,0.843;;
CHL,South America,Chile,2020-05-29,86943.0,4654.0,4194.571,890.0,49.0,43.0,4548.13,243.458,219.425,46.557,2.563,2.249,16333.0,538799.0,28.185,0.854,14916.0,0.78,3.556,0.281,tests performed,78.24,19116209.0,24.282,35.4,11.087,6.938,22767.037,1.3,127.993,8.46,34.2,41.5,,2.11,80.18,0.843;;
CHL,South America,Chile,2020-05-30,90638.0,3695.0,4111.571,944.0,54.0,44.857,4741.421,193.291,215.083,49.382,2.825,2.347,16814.0,555613.0,29.065,0.88,15141.0,0.792,3.6830000000000003,0.272,tests performed,78.24,19116209.0,24.282,35.4,11.087,6.938,22767.037,1.3,127.993,8.46,34.2,41.5,,2.11,80.18,0.843;;
CHL,South America,Chile,2020-05-31,94858.0,4220.0,4209.286,997.0,53.0,46.286,4962.176,220.755,220.195,52.155,2.773,2.421,19120.0,574733.0,30.065,1.0,15812.0,0.827,3.7560000000000002,0.266,tests performed,78.24,19116209.0,24.282,35.4,11.087,6.938,22767.037,1.3,127.993,8.46,34.2,41.5,,2.11,80.18,0.843;;
CHL,South America,Chile,2020-06-01,99688.0,4830.0,4369.429,1054.0,57.0,48.0,5214.841,252.665,228.572,55.136,2.982,2.511,16890.0,591623.0,30.949,0.884,15898.0,0.832,3.638,0.275,tests performed,78.24,19116209.0,24.282,35.4,11.087,6.938,22767.037,1.3,127.993,8.46,34.2,41.5,,2.11,80.18,0.843;;
CHL,South America,Chile,2020-06-02,105159.0,5471.0,4451.714,1113.0,59.0,50.286,5501.038,286.197,232.876,58.223,3.086,2.631,13442.0,605065.0,31.652,0.703,15950.0,0.834,3.583,0.27899999999999997,tests performed,78.24,19116209.0,24.282,35.4,11.087,6.938,22767.037,1.3,127.993,8.46,34.2,41.5,,2.11,80.18,0.843;;
CHL,South America,Chile,2020-06-03,108686.0,3527.0,4389.286,1188.0,75.0,54.571,5685.542,184.503,229.611,62.146,3.923,2.855,15546.0,620611.0,32.465,0.813,16256.0,0.85,3.7039999999999997,0.27,tests performed,78.24,19116209.0,24.282,35.4,11.087,6.938,22767.037,1.3,127.993,8.46,34.2,41.5,,2.11,80.18,0.843;;
CHL,South America,Chile,2020-06-04,113628.0,4942.0,4477.0,1275.0,87.0,62.0,5944.066,258.524,234.199,66.697,4.551,3.243,18140.0,638751.0,33.414,0.949,16612.0,0.869,3.7110000000000003,0.27,tests performed,78.24,19116209.0,24.282,35.4,11.087,6.938,22767.037,1.3,127.993,8.46,34.2,41.5,,2.11,80.18,0.843;;
CHL,South America,Chile,2020-06-05,118292.0,4664.0,4478.429,1356.0,81.0,66.571,6188.047,243.981,234.274,70.935,4.237,3.482,21780.0,660531.0,34.553,1.139,17390.0,0.91,3.883,0.258,tests performed,78.24,19116209.0,24.282,35.4,11.087,6.938,22767.037,1.3,127.993,8.46,34.2,41.5,,2.11,80.18,0.843;;
CHL,South America,Chile,2020-06-06,122499.0,4207.0,4551.571,1448.0,92.0,72.0,6408.122,220.075,238.1,75.747,4.813,3.766,18954.0,679485.0,35.545,0.992,17696.0,0.926,3.888,0.257,tests performed,78.24,19116209.0,24.282,35.4,11.087,6.938,22767.037,1.3,127.993,8.46,34.2,41.5,,2.11,80.18,0.843;;
CHL,South America,Chile,2020-06-07,127745.0,5246.0,4698.143,1541.0,93.0,77.714,6682.549,274.427,245.767,80.612,4.865,4.065,21265.0,700750.0,36.657,1.112,18002.0,0.942,3.832,0.261,tests performed,78.24,19116209.0,24.282,35.4,11.087,6.938,22767.037,1.3,127.993,8.46,34.2,41.5,,2.11,80.18,0.843;;
CHL,South America,Chile,2020-06-08,134150.0,6405.0,4923.143,2190.0,649.0,162.286,7017.605,335.056,257.538,114.562,33.95,8.489,20040.0,720790.0,37.706,1.048,18452.0,0.965,3.748,0.267,tests performed,78.24,19116209.0,24.282,35.4,11.087,6.938,22767.037,1.3,127.993,8.46,34.2,41.5,,2.11,80.18,0.843;;
CHL,South America,Chile,2020-06-09,138846.0,4696.0,4812.429,2264.0,74.0,164.429,7263.26,245.655,251.746,118.434,3.871,8.602,17777.0,738567.0,38.636,0.93,19072.0,0.998,3.963,0.252,tests performed,78.24,19116209.0,24.282,35.4,11.087,6.938,22767.037,1.3,127.993,8.46,34.2,41.5,,2.11,80.18,0.843;;
CHL,South America,Chile,2020-06-10,142759.0,3913.0,4867.571,2283.0,19.0,156.429,7467.956,204.695,254.631,119.427,0.994,8.183,14477.0,753044.0,39.393,0.757,18919.0,0.99,3.887,0.257,tests performed,78.24,19116209.0,24.282,35.4,11.087,6.938,22767.037,1.3,127.993,8.46,34.2,41.5,,2.11,80.18,0.843;;
CHL,South America,Chile,2020-06-11,148496.0,5737.0,4981.143,2475.0,192.0,171.429,7768.067,300.112,260.572,129.471,10.044,8.968,19976.0,773020.0,40.438,1.045,19181.0,1.003,3.8510000000000004,0.26,tests performed,78.24,19116209.0,24.282,35.4,11.087,6.938,22767.037,1.3,127.993,8.46,34.2,41.5,,2.11,80.18,0.843;;
CHL,South America,Chile,2020-06-12,154092.0,5596.0,5114.286,2648.0,173.0,184.571,8060.803,292.736,267.537,138.521,9.05,9.655,18733.0,791753.0,41.418,0.98,18746.0,0.981,3.665,0.273,tests performed,78.24,19116209.0,24.282,35.4,11.087,6.938,22767.037,1.3,127.993,8.46,34.2,41.5,,2.11,80.18,0.843;;
CHL,South America,Chile,2020-06-13,160846.0,6754.0,5478.143,2870.0,222.0,203.143,8414.116,353.313,286.571,150.134,11.613,10.627,20223.0,811976.0,42.476,1.058,18927.0,0.99,3.455,0.289,tests performed,78.24,19116209.0,24.282,35.4,11.087,6.938,22767.037,1.3,127.993,8.46,34.2,41.5,,2.11,80.18,0.843;;
CHL,South America,Chile,2020-06-14,167355.0,6509.0,5658.571,3101.0,231.0,222.857,8754.612,340.496,296.009,162.218,12.084,11.658,20151.0,832127.0,43.53,1.054,18768.0,0.982,3.3169999999999997,0.302,tests performed,78.24,19116209.0,24.282,35.4,11.087,6.938,22767.037,1.3,127.993,8.46,34.2,41.5,,2.11,80.18,0.843;;
CHL,South America,Chile,2020-06-15,174293.0,6938.0,5734.714,3323.0,222.0,161.857,9117.55,362.938,299.992,173.832,11.613,8.467,18808.0,850935.0,44.514,0.984,18592.0,0.973,3.242,0.308,tests performed,78.24,19116209.0,24.282,35.4,11.087,6.938,22767.037,1.3,127.993,8.46,34.2,41.5,,2.11,80.18,0.843;;
CHL,South America,Chile,2020-06-16,179436.0,5143.0,5798.571,3362.0,39.0,156.857,9386.589,269.039,303.333,175.872,2.04,8.205,14575.0,865510.0,45.276,0.762,18135.0,0.949,3.127,0.32,tests performed,78.24,19116209.0,24.282,35.4,11.087,6.938,22767.037,1.3,127.993,8.46,34.2,41.5,,2.11,80.18,0.843;;
CHL,South America,Chile,2020-06-17,184449.0,5013.0,5955.714,3383.0,21.0,157.143,9648.827,262.238,311.553,176.97,1.099,8.22,12636.0,878146.0,45.937,0.661,17872.0,0.935,3.0010000000000003,0.33299999999999996,tests performed,78.24,19116209.0,24.282,35.4,11.087,6.938,22767.037,1.3,127.993,8.46,34.2,41.5,,2.11,80.18,0.843;;
CHL,South America,Chile,2020-06-18,220628.0,36179.0,10304.571,3615.0,232.0,162.857,11541.41,1892.582,539.049,189.107,12.136,8.519,16997.0,895143.0,46.826,0.889,17446.0,0.913,1.693,0.591,tests performed,78.24,19116209.0,24.282,35.4,11.087,6.938,22767.037,1.3,127.993,8.46,34.2,41.5,,2.11,80.18,0.843;;
CHL,South America,Chile,2020-06-19,225103.0,4475.0,10144.429,3841.0,226.0,170.429,11775.504,234.095,530.672,200.929,11.822,8.915,20347.0,915490.0,47.891,1.064,17677.0,0.925,1.743,0.574,tests performed,78.24,19116209.0,24.282,35.4,11.087,6.938,22767.037,1.3,127.993,8.46,34.2,41.5,,2.11,80.18,0.843;;
CHL,South America,Chile,2020-06-20,231393.0,6290.0,10078.143,4093.0,252.0,174.714,12104.544,329.04,527.204,214.111,13.183,9.14,20080.0,935570.0,48.941,1.05,17656.0,0.924,1.7519999999999998,0.5710000000000001,tests performed,78.24,19116209.0,24.282,35.4,11.087,6.938,22767.037,1.3,127.993,8.46,34.2,41.5,,2.11,80.18,0.843;;
CHL,South America,Chile,2020-06-21,236748.0,5355.0,9913.286,4295.0,202.0,170.571,12384.673,280.129,518.58,224.678,10.567,8.923,20115.0,955685.0,49.993,1.052,17651.0,0.923,1.781,0.562,tests performed,78.24,19116209.0,24.282,35.4,11.087,6.938,22767.037,1.3,127.993,8.46,34.2,41.5,,2.11,80.18,0.843;;
CHL,South America,Chile,2020-06-22,242355.0,5607.0,9723.143,4479.0,184.0,165.143,12677.984,293.311,508.633,234.304,9.625,8.639,18645.0,974330.0,50.969,0.975,17628.0,0.922,1.8130000000000002,0.552,tests performed,78.24,19116209.0,24.282,35.4,11.087,6.938,22767.037,1.3,127.993,8.46,34.2,41.5,,2.11,80.18,0.843;;
CHL,South America,Chile,2020-06-23,246963.0,4608.0,9646.714,4502.0,23.0,162.857,12919.036,241.052,504.635,235.507,1.203,8.519,12707.0,987037.0,51.634,0.665,17361.0,0.908,1.8,0.556,tests performed,78.24,19116209.0,24.282,35.4,11.087,6.938,22767.037,1.3,127.993,8.46,34.2,41.5,,2.11,80.18,0.843;;
CHL,South America,Chile,2020-06-24,250767.0,3804.0,9474.0,4505.0,3.0,160.286,13118.03,198.993,495.6,235.664,0.157,8.385,12575.0,999612.0,52.291,0.658,17352.0,0.908,1.8319999999999999,0.546,tests performed,78.24,19116209.0,24.282,35.4,11.087,6.938,22767.037,1.3,127.993,8.46,34.2,41.5,,2.11,80.18,0.843;;
CHL,South America,Chile,2020-06-25,254416.0,3649.0,4826.857,4731.0,226.0,159.429,13308.915,190.885,252.501,247.486,11.822,8.34,17446.0,1017058.0,53.204,0.913,17416.0,0.911,3.608,0.27699999999999997,tests performed,78.24,19116209.0,24.282,35.4,11.087,6.938,22767.037,1.3,127.993,8.46,34.2,41.5,,2.11,80.18,0.843;;
CHL,South America,Chile,2020-06-26,259064.0,4648.0,4851.571,4903.0,172.0,151.714,13552.059,243.144,253.794,256.484,8.998,7.936,18249.0,1035307.0,54.159,0.955,17117.0,0.895,3.528,0.28300000000000003,tests performed,78.24,19116209.0,24.282,35.4,11.087,6.938,22767.037,1.3,127.993,8.46,34.2,41.5,,2.11,80.18,0.843;;
CHL,South America,Chile,2020-06-27,263360.0,4296.0,4566.714,5068.0,165.0,139.286,13776.79,224.731,238.892,265.115,8.631,7.286,17944.0,1053251.0,55.097,0.939,16812.0,0.879,3.681,0.272,tests performed,78.24,19116209.0,24.282,35.4,11.087,6.938,22767.037,1.3,127.993,8.46,34.2,41.5,,2.11,80.18,0.843;;
CHL,South America,Chile,2020-06-28,267766.0,4406.0,4431.143,5347.0,279.0,150.286,14007.275,230.485,231.8,279.71,14.595,7.862,18370.0,1071621.0,56.058,0.961,16562.0,0.866,3.738,0.268,tests performed,78.24,19116209.0,24.282,35.4,11.087,6.938,22767.037,1.3,127.993,8.46,34.2,41.5,,2.11,80.18,0.843;;
CHL,South America,Chile,2020-06-29,271982.0,4216.0,4232.429,5509.0,162.0,147.143,14227.821,220.546,221.405,288.185,8.474,7.697,16799.0,1088420.0,56.937,0.879,16299.0,0.853,3.8510000000000004,0.26,tests performed,78.24,19116209.0,24.282,35.4,11.087,6.938,22767.037,1.3,127.993,8.46,34.2,41.5,,2.11,80.18,0.843;;
CHL,South America,Chile,2020-06-30,275999.0,4017.0,4148.0,5575.0,66.0,153.286,14437.957,210.136,216.989,291.637,3.453,8.019,13349.0,1101769.0,57.635,0.698,16390.0,0.857,3.951,0.253,tests performed,78.24,19116209.0,24.282,35.4,11.087,6.938,22767.037,1.3,127.993,8.46,34.2,41.5,,2.11,80.18,0.843;;
CHL,South America,Chile,2020-07-01,279393.0,3394.0,4089.429,5688.0,113.0,169.0,14615.502,177.546,213.925,297.549,5.911,8.841,10385.0,1112154.0,58.179,0.543,16077.0,0.841,3.931,0.254,tests performed,78.24,19116209.0,24.282,35.4,11.087,6.938,22767.037,1.3,127.993,8.46,34.2,41.5,,2.11,80.18,0.843;;
CHL,South America,Chile,2020-07-02,282043.0,2650.0,3946.714,5753.0,65.0,146.0,14754.128,138.626,206.459,300.949,3.4,7.637,10831.0,1122985.0,58.745,0.567,15132.0,0.792,3.8339999999999996,0.261,tests performed,78.24,19116209.0,24.282,35.4,11.087,6.938,22767.037,1.3,127.993,8.46,34.2,41.5,,2.11,80.18,0.843;;
CHL,South America,Chile,2020-07-03,284541.0,2498.0,3639.571,5920.0,167.0,145.286,14884.803,130.674,190.392,309.685,8.736,7.6,15585.0,1138570.0,59.56,0.815,14752.0,0.772,4.053,0.247,tests performed,89.35,19116209.0,24.282,35.4,11.087,6.938,22767.037,1.3,127.993,8.46,34.2,41.5,,2.11,80.18,0.843;;
CHL,South America,Chile,2020-07-04,288089.0,3548.0,3532.714,6051.0,131.0,140.429,15070.404,185.602,184.802,316.538,6.853,7.346,17287.0,1155857.0,60.465,0.904,14658.0,0.767,4.149,0.24100000000000002,tests performed,89.35,19116209.0,24.282,35.4,11.087,6.938,22767.037,1.3,127.993,8.46,34.2,41.5,,2.11,80.18,0.843;;
CHL,South America,Chile,2020-07-05,291847.0,3758.0,3440.143,6192.0,141.0,120.714,15266.991,196.587,179.959,323.914,7.376,6.315,18004.0,1173861.0,61.407,0.942,14606.0,0.764,4.246,0.23600000000000002,tests performed,89.35,19116209.0,24.282,35.4,11.087,6.938,22767.037,1.3,127.993,8.46,34.2,41.5,,2.11,80.18,0.843;;
CHL,South America,Chile,2020-07-06,295532.0,3685.0,3364.286,6308.0,116.0,114.143,15459.76,192.768,175.991,329.982,6.068,5.971,16377.0,1190238.0,62.263,0.857,14545.0,0.761,4.323,0.231,tests performed,89.35,19116209.0,24.282,35.4,11.087,6.938,22767.037,1.3,127.993,8.46,34.2,41.5,,2.11,80.18,0.843;;
CHL,South America,Chile,2020-07-07,298557.0,3025.0,3222.571,6384.0,76.0,115.571,15618.003,158.243,168.578,333.957,3.976,6.046,12065.0,1202303.0,62.894,0.631,14362.0,0.751,4.457,0.22399999999999998,tests performed,89.35,19116209.0,24.282,35.4,11.087,6.938,22767.037,1.3,127.993,8.46,34.2,41.5,,2.11,80.18,0.843;;
CHL,South America,Chile,2020-07-08,301019.0,2462.0,3089.429,6434.0,50.0,106.571,15746.794,128.791,161.613,336.573,2.616,5.575,10464.0,1212767.0,63.442,0.547,14373.0,0.752,4.652,0.215,tests performed,89.35,19116209.0,24.282,35.4,11.087,6.938,22767.037,1.3,127.993,8.46,34.2,41.5,,2.11,80.18,0.843;;
CHL,South America,Chile,2020-07-09,303083.0,2064.0,3005.714,6573.0,139.0,117.143,15854.765,107.971,157.234,343.844,7.271,6.128,16842.0,1229609.0,64.323,0.881,15232.0,0.797,5.0680000000000005,0.19699999999999998,tests performed,89.35,19116209.0,24.282,35.4,11.087,6.938,22767.037,1.3,127.993,8.46,34.2,41.5,,2.11,80.18,0.843;;
CHL,South America,Chile,2020-07-10,306216.0,3133.0,3096.429,6682.0,109.0,108.857,16018.657,163.892,161.979,349.546,5.702,5.694,17727.0,1247336.0,65.25,0.927,15538.0,0.813,5.018,0.19899999999999998,tests performed,89.35,19116209.0,24.282,35.4,11.087,6.938,22767.037,1.3,127.993,8.46,34.2,41.5,,2.11,80.18,0.843;;
CHL,South America,Chile,2020-07-11,309274.0,3058.0,3026.429,6781.0,99.0,104.286,16178.626,159.969,158.317,354.725,5.179,5.455,18268.0,1265604.0,66.206,0.956,15678.0,0.82,5.18,0.193,tests performed,89.35,19116209.0,24.282,35.4,11.087,6.938,22767.037,1.3,127.993,8.46,34.2,41.5,,2.11,80.18,0.843;;
CHL,South America,Chile,2020-07-12,312029.0,2755.0,2883.143,6881.0,100.0,98.429,16322.745,144.119,150.822,359.956,5.231,5.149,19171.0,1284775.0,67.209,1.003,15845.0,0.829,5.496,0.182,tests performed,89.35,19116209.0,24.282,35.4,11.087,6.938,22767.037,1.3,127.993,8.46,34.2,41.5,,2.11,80.18,0.843;;
CHL,South America,Chile,2020-07-13,315041.0,3012.0,2787.0,6979.0,98.0,95.857,16480.307,157.563,145.793,365.083,5.127,5.014,17467.0,1302242.0,68.122,0.914,16001.0,0.837,5.7410000000000005,0.174,tests performed,89.35,19116209.0,24.282,35.4,11.087,6.938,22767.037,1.3,127.993,8.46,34.2,41.5,,2.11,80.18,0.843;;
CHL,South America,Chile,2020-07-14,317657.0,2616.0,2728.571,7024.0,45.0,91.429,16617.155,136.847,142.736,367.437,2.354,4.783,12238.0,1314480.0,68.763,0.64,16025.0,0.838,5.872999999999999,0.17,tests performed,89.35,19116209.0,24.282,35.4,11.087,6.938,22767.037,1.3,127.993,8.46,34.2,41.5,,2.11,80.18,0.843;;
CHL,South America,Chile,2020-07-15,319493.0,1836.0,2639.143,7069.0,45.0,90.714,16713.199,96.044,138.058,369.791,2.354,4.745,12209.0,1326689.0,69.401,0.639,16275.0,0.851,6.167000000000001,0.162,tests performed,89.35,19116209.0,24.282,35.4,11.087,6.938,22767.037,1.3,127.993,8.46,34.2,41.5,,2.11,80.18,0.843;;
CHL,South America,Chile,2020-07-16,321205.0,1712.0,2588.857,7186.0,117.0,87.571,16802.756,89.558,135.427,375.911,6.12,4.581,17192.0,1343881.0,70.301,0.899,16325.0,0.854,6.306,0.159,tests performed,89.35,19116209.0,24.282,35.4,11.087,6.938,22767.037,1.3,127.993,8.46,34.2,41.5,,2.11,80.18,0.843;;
CHL,South America,Chile,2020-07-17,323698.0,2493.0,2497.429,7290.0,104.0,86.857,16933.169,130.413,130.645,381.352,5.44,4.544,18699.0,1362580.0,71.279,0.978,16463.0,0.861,6.5920000000000005,0.152,tests performed,86.57,19116209.0,24.282,35.4,11.087,6.938,22767.037,1.3,127.993,8.46,34.2,41.5,,2.11,80.18,0.843;;
CHL,South America,Chile,2020-07-18,326539.0,2841.0,2466.429,8347.0,1057.0,223.714,17081.786,148.617,129.023,436.645,55.293,11.703,17716.0,1380296.0,72.206,0.927,16385.0,0.857,6.643,0.151,tests performed,86.57,19116209.0,24.282,35.4,11.087,6.938,22767.037,1.3,127.993,8.46,34.2,41.5,,2.11,80.18,0.843;;
CHL,South America,Chile,2020-07-19,328846.0,2307.0,2402.429,8445.0,98.0,223.429,17202.469,120.683,125.675,441.772,5.127,11.688,15728.0,1396024.0,73.028,0.823,15893.0,0.831,6.615,0.151,tests performed,86.57,19116209.0,24.282,35.4,11.087,6.938,22767.037,1.3,127.993,8.46,34.2,41.5,,2.11,80.18,0.843;;
CHL,South America,Chile,2020-07-20,330930.0,2084.0,2269.857,8503.0,58.0,217.714,17311.487,109.017,118.74,444.806,3.034,11.389,16343.0,1412367.0,73.883,0.855,15732.0,0.823,6.931,0.14400000000000002,tests performed,86.57,19116209.0,24.282,35.4,11.087,6.938,22767.037,1.3,127.993,8.46,34.2,41.5,,2.11,80.18,0.843;;
CHL,South America,Chile,2020-07-21,333029.0,2099.0,2196.0,8633.0,130.0,229.857,17421.289,109.802,114.876,451.606,6.801,12.024,12590.0,1424957.0,74.542,0.659,15782.0,0.826,7.187,0.139,tests performed,86.57,19116209.0,24.282,35.4,11.087,6.938,22767.037,1.3,127.993,8.46,34.2,41.5,,2.11,80.18,0.843;;
CHL,South America,Chile,2020-07-22,334683.0,1654.0,2170.0,8677.0,44.0,229.714,17507.812,86.523,113.516,453.908,2.302,12.017,12793.0,1437750.0,75.211,0.669,15866.0,0.83,7.312,0.13699999999999998,tests performed,86.57,19116209.0,24.282,35.4,11.087,6.938,22767.037,1.3,127.993,8.46,34.2,41.5,,2.11,80.18,0.843;;
CHL,South America,Chile,2020-07-23,336402.0,1719.0,2171.0,8722.0,45.0,219.429,17597.736,89.924,113.569,456.262,2.354,11.479,18867.0,1456617.0,76.198,0.987,16105.0,0.842,7.417999999999999,0.135,tests performed,86.57,19116209.0,24.282,35.4,11.087,6.938,22767.037,1.3,127.993,8.46,34.2,41.5,,2.11,80.18,0.843;;
CHL,South America,Chile,2020-07-24,338759.0,2357.0,2151.571,8838.0,116.0,221.143,17721.035,123.299,112.552,462.33,6.068,11.568,21071.0,1477688.0,77.3,1.102,16444.0,0.86,7.643,0.131,tests performed,86.57,19116209.0,24.282,35.4,11.087,6.938,22767.037,1.3,127.993,8.46,34.2,41.5,,2.11,80.18,0.843;;
CHL,South America,Chile,2020-07-25,341304.0,2545.0,2109.286,8914.0,76.0,81.0,17854.168,133.133,110.34,466.306,3.976,4.237,19133.0,1496821.0,78.301,1.001,16646.0,0.871,7.892,0.127,tests performed,86.57,19116209.0,24.282,35.4,11.087,6.938,22767.037,1.3,127.993,8.46,34.2,41.5,,2.11,80.18,0.843;;
CHL,South America,Chile,2020-07-26,343592.0,2288.0,2106.571,9020.0,106.0,82.143,17973.857,119.689,110.198,471.851,5.545,4.297,19709.0,1516530.0,79.332,1.031,17215.0,0.901,8.172,0.122,tests performed,86.57,19116209.0,24.282,35.4,11.087,6.938,22767.037,1.3,127.993,8.46,34.2,41.5,,2.11,80.18,0.843;;
CHL,South America,Chile,2020-07-27,345790.0,2198.0,2122.857,9112.0,92.0,87.0,18088.838,114.981,111.05,476.664,4.813,4.551,21544.0,1538074.0,80.459,1.127,17958.0,0.939,8.459,0.11800000000000001,tests performed,86.57,19116209.0,24.282,35.4,11.087,6.938,22767.037,1.3,127.993,8.46,34.2,41.5,,2.11,80.18,0.843;;
CHL,South America,Chile,2020-07-28,347923.0,2133.0,2127.714,9187.0,75.0,79.143,18200.418,111.581,111.304,480.587,3.923,4.14,17596.0,1555670.0,81.38,0.92,18673.0,0.977,8.776,0.114,tests performed,86.57,19116209.0,24.282,35.4,11.087,6.938,22767.037,1.3,127.993,8.46,34.2,41.5,,2.11,80.18,0.843;;
CHL,South America,Chile,2020-07-29,349800.0,1877.0,2159.571,9240.0,53.0,80.429,18298.607,98.189,112.971,483.359,2.773,4.207,17130.0,1572800.0,82.276,0.896,19293.0,1.009,8.934,0.11199999999999999,tests performed,86.57,19116209.0,24.282,35.4,11.087,6.938,22767.037,1.3,127.993,8.46,34.2,41.5,,2.11,80.18,0.843;;
CHL,South America,Chile,2020-07-30,351575.0,1775.0,2167.571,9278.0,38.0,79.429,18391.46,92.853,113.389,485.347,1.988,4.155,20295.0,1593095.0,83.337,1.062,19497.0,1.02,8.995,0.111,tests performed,86.57,19116209.0,24.282,35.4,11.087,6.938,22767.037,1.3,127.993,8.46,34.2,41.5,,2.11,80.18,0.843;;
CHL,South America,Chile,2020-07-31,353536.0,1961.0,2111.0,9377.0,99.0,77.0,18494.043,102.583,110.43,490.526,5.179,4.028,22874.0,1615969.0,84.534,1.197,19754.0,1.033,9.357999999999999,0.107,tests performed,86.57,19116209.0,24.282,35.4,11.087,6.938,22767.037,1.3,127.993,8.46,34.2,41.5,,2.11,80.18,0.843;;
CHL,South America,Chile,2020-08-01,355667.0,2131.0,2051.857,9457.0,80.0,77.571,18605.52,111.476,107.336,494.711,4.185,4.058,24398.0,1640367.0,85.81,1.276,20507.0,1.073,9.994,0.1,tests performed,89.35,19116209.0,24.282,35.4,11.087,6.938,22767.037,1.3,127.993,8.46,34.2,41.5,,2.11,80.18,0.843;;
CHL,South America,Chile,2020-08-02,357658.0,1991.0,2009.429,9533.0,76.0,73.286,18709.672,104.152,105.116,498.687,3.976,3.834,24899.0,1665266.0,87.113,1.303,21248.0,1.112,10.574000000000002,0.095,tests performed,89.35,19116209.0,24.282,35.4,11.087,6.938,22767.037,1.3,127.993,8.46,34.2,41.5,,2.11,80.18,0.843;;
CHL,South America,Chile,2020-08-03,359731.0,2073.0,1991.571,9608.0,75.0,70.857,18818.114,108.442,104.182,502.61,3.923,3.707,24269.0,1689535.0,88.382,1.27,21637.0,1.132,10.864,0.092,tests performed,89.35,19116209.0,24.282,35.4,11.087,6.938,22767.037,1.3,127.993,8.46,34.2,41.5,,2.11,80.18,0.843;;
CHL,South America,Chile,2020-08-04,361493.0,1762.0,1938.571,9707.0,99.0,74.286,18910.287,92.173,101.41,507.789,5.179,3.886,18857.0,1708392.0,89.369,0.986,21817.0,1.141,11.254000000000001,0.08900000000000001,tests performed,89.35,19116209.0,24.282,35.4,11.087,6.938,22767.037,1.3,127.993,8.46,34.2,41.5,,2.11,80.18,0.843;;
CHL,South America,Chile,2020-08-05,362962.0,1469.0,1880.286,9745.0,38.0,72.143,18987.133,76.846,98.361,509.777,1.988,3.774,21398.0,1729790.0,90.488,1.119,22427.0,1.173,11.927,0.084,tests performed,89.35,19116209.0,24.282,35.4,11.087,6.938,22767.037,1.3,127.993,8.46,34.2,41.5,,2.11,80.18,0.843;;
CHL,South America,Chile,2020-08-06,364723.0,1761.0,1878.286,9792.0,47.0,73.429,19079.254,92.121,98.256,512.235,2.459,3.841,22802.0,1752592.0,91.681,1.193,22785.0,1.192,12.130999999999998,0.08199999999999999,tests performed,89.35,19116209.0,24.282,35.4,11.087,6.938,22767.037,1.3,127.993,8.46,34.2,41.5,,2.11,80.18,0.843;;
CHL,South America,Chile,2020-08-07,366671.0,1948.0,1876.429,9889.0,97.0,73.143,19181.157,101.903,98.159,517.31,5.074,3.826,25243.0,1777835.0,93.001,1.321,23124.0,1.21,12.323,0.081,tests performed,89.35,19116209.0,24.282,35.4,11.087,6.938,22767.037,1.3,127.993,8.46,34.2,41.5,,2.11,80.18,0.843;;
CHL,South America,Chile,2020-08-08,368825.0,2154.0,1879.714,9958.0,69.0,71.571,19293.836,112.679,98.331,520.919,3.61,3.744,27037.0,1804872.0,94.416,1.414,23501.0,1.229,12.502,0.08,tests performed,89.35,19116209.0,24.282,35.4,11.087,6.938,22767.037,1.3,127.993,8.46,34.2,41.5,,2.11,80.18,0.843;;
CHL,South America,Chile,2020-08-09,371023.0,2198.0,1909.286,10011.0,53.0,68.286,19408.817,114.981,99.878,523.692,2.773,3.572,28460.0,1833332.0,95.905,1.489,24009.0,1.256,12.575,0.08,tests performed,89.35,19116209.0,24.282,35.4,11.087,6.938,22767.037,1.3,127.993,8.46,34.2,41.5,,2.11,80.18,0.843;;
CHL,South America,Chile,2020-08-10,373056.0,2033.0,1903.571,10077.0,66.0,67.0,19515.166,106.35,99.579,527.144,3.453,3.505,26012.0,1859344.0,97.265,1.361,24258.0,1.269,12.743,0.078,tests performed,83.8,19116209.0,24.282,35.4,11.087,6.938,22767.037,1.3,127.993,8.46,34.2,41.5,,2.11,80.18,0.843;;
CHL,South America,Chile,2020-08-11,375044.0,1988.0,1935.857,10139.0,62.0,61.714,19619.162,103.996,101.268,530.388,3.243,3.228,22249.0,1881593.0,98.429,1.164,24743.0,1.294,12.780999999999999,0.078,tests performed,83.8,19116209.0,24.282,35.4,11.087,6.938,22767.037,1.3,127.993,8.46,34.2,41.5,,2.11,80.18,0.843;;
CHL,South America,Chile,2020-08-12,376616.0,1572.0,1950.571,10178.0,39.0,61.857,19701.396,82.234,102.038,532.428,2.04,3.236,19348.0,1900941.0,99.441,1.012,24450.0,1.279,12.535,0.08,tests performed,83.8,19116209.0,24.282,35.4,11.087,6.938,22767.037,1.3,127.993,8.46,34.2,41.5,,2.11,80.18,0.843;;
CHL,South America,Chile,2020-08-13,378168.0,1552.0,1920.714,10205.0,27.0,59.0,19782.583,81.188,100.476,533.84,1.412,3.086,23628.0,1924569.0,100.677,1.236,24568.0,1.285,12.790999999999999,0.078,tests performed,83.8,19116209.0,24.282,35.4,11.087,6.938,22767.037,1.3,127.993,8.46,34.2,41.5,,2.11,80.18,0.843;;
CHL,South America,Chile,2020-08-14,380034.0,1866.0,1909.0,10299.0,94.0,58.571,19880.197,97.613,99.863,538.757,4.917,3.064,27618.0,1952187.0,102.122,1.445,24907.0,1.303,13.047,0.077,tests performed,83.8,19116209.0,24.282,35.4,11.087,6.938,22767.037,1.3,127.993,8.46,34.2,41.5,,2.11,80.18,0.843;;
CHL,South America,Chile,2020-08-15,382111.0,2077.0,1898.0,10340.0,41.0,54.571,19988.848,108.651,99.287,540.902,2.145,2.855,28499.0,1980686.0,103.613,1.491,25116.0,1.314,13.232999999999999,0.076,tests performed,83.8,19116209.0,24.282,35.4,11.087,6.938,22767.037,1.3,127.993,8.46,34.2,41.5,,2.11,80.18,0.843;;
CHL,South America,Chile,2020-08-16,383902.0,1791.0,1839.857,10395.0,55.0,54.857,20082.538,93.69,96.246,543.779,2.877,2.87,30882.0,2011568.0,105.228,1.615,25462.0,1.332,13.839,0.07200000000000001,tests performed,83.8,19116209.0,24.282,35.4,11.087,6.938,22767.037,1.3,127.993,8.46,34.2,41.5,,2.11,80.18,0.843;;
CHL,South America,Chile,2020-08-17,385946.0,2044.0,1841.429,10452.0,57.0,53.571,20189.463,106.925,96.328,546.761,2.982,2.802,25289.0,2036857.0,106.551,1.323,25359.0,1.327,13.770999999999999,0.073,tests performed,83.8,19116209.0,24.282,35.4,11.087,6.938,22767.037,1.3,127.993,8.46,34.2,41.5,,2.11,80.18,0.843;;
CHL,South America,Chile,2020-08-18,387502.0,1556.0,1779.714,10513.0,61.0,53.429,20270.86,81.397,93.1,549.952,3.191,2.795,23199.0,2060056.0,107.765,1.214,25495.0,1.334,14.325,0.07,tests performed,83.8,19116209.0,24.282,35.4,11.087,6.938,22767.037,1.3,127.993,8.46,34.2,41.5,,2.11,80.18,0.843;;
CHL,South America,Chile,2020-08-19,388855.0,1353.0,1748.429,10546.0,33.0,52.571,20341.638,70.778,91.463,551.678,1.726,2.75,19275.0,2079331.0,108.773,1.008,25484.0,1.333,14.575,0.069,tests performed,83.8,19116209.0,24.282,35.4,11.087,6.938,22767.037,1.3,127.993,8.46,34.2,41.5,,2.11,80.18,0.843;;
CHL,South America,Chile,2020-08-20,390037.0,1182.0,1695.571,10578.0,32.0,53.286,20403.47,61.832,88.698,553.352,1.674,2.787,26278.0,2105609.0,110.148,1.375,25863.0,1.353,15.253,0.066,tests performed,83.8,19116209.0,24.282,35.4,11.087,6.938,22767.037,1.3,127.993,8.46,34.2,41.5,,2.11,80.18,0.843;;
CHL,South America,Chile,2020-08-21,391849.0,1812.0,1687.857,10671.0,93.0,53.143,20498.259,94.789,88.295,558.217,4.865,2.78,28669.0,2134278.0,111.648,1.5,26013.0,1.361,15.412,0.065,tests performed,83.8,19116209.0,24.282,35.4,11.087,6.938,22767.037,1.3,127.993,8.46,34.2,41.5,,2.11,80.18,0.843;;
CHL,South America,Chile,2020-08-22,393769.0,1920.0,1665.429,10723.0,52.0,54.714,20598.697,100.438,87.121,560.938,2.72,2.862,29727.0,2164005.0,113.203,1.555,26188.0,1.37,15.724,0.064,tests performed,83.8,19116209.0,24.282,35.4,11.087,6.938,22767.037,1.3,127.993,8.46,34.2,41.5,,2.11,80.18,0.843;;
CHL,South America,Chile,2020-08-23,395708.0,1939.0,1686.571,10792.0,69.0,56.714,20700.129,101.432,88.227,564.547,3.61,2.967,31981.0,2195986.0,114.876,1.673,26345.0,1.378,15.62,0.064,tests performed,83.8,19116209.0,24.282,35.4,11.087,6.938,22767.037,1.3,127.993,8.46,34.2,41.5,,2.11,80.18,0.843;;
CHL,South America,Chile,2020-08-24,397665.0,1957.0,1674.143,10852.0,60.0,57.143,20802.503,102.374,87.577,567.686,3.139,2.989,27454.0,2223440.0,116.312,1.436,26655.0,1.394,15.922,0.063,tests performed,83.8,19116209.0,24.282,35.4,11.087,6.938,22767.037,1.3,127.993,8.46,34.2,41.5,,2.11,80.18,0.843;;
CHL,South America,Chile,2020-08-25,399568.0,1903.0,1723.714,10916.0,64.0,57.571,20902.052,99.549,90.17,571.034,3.348,3.012,24503.0,2247943.0,117.594,1.282,26841.0,1.404,15.572000000000001,0.064,tests performed,83.8,19116209.0,24.282,35.4,11.087,6.938,22767.037,1.3,127.993,8.46,34.2,41.5,,2.11,80.18,0.843;;
CHL,South America,Chile,2020-08-26,400985.0,1417.0,1732.857,10958.0,42.0,58.857,20976.178,74.126,90.649,573.231,2.197,3.079,20257.0,2268200.0,118.653,1.06,26981.0,1.411,15.57,0.064,tests performed,83.8,19116209.0,24.282,35.4,11.087,6.938,22767.037,1.3,127.993,8.46,34.2,41.5,,2.11,80.18,0.843;;
CHL,South America,Chile,2020-08-27,402365.0,1380.0,1761.143,10990.0,32.0,58.857,21048.368,72.19,92.128,574.905,1.674,3.079,27019.0,2295219.0,120.067,1.413,27087.0,1.417,15.38,0.065,tests performed,83.8,19116209.0,24.282,35.4,11.087,6.938,22767.037,1.3,127.993,8.46,34.2,41.5,,2.11,80.18,0.843;;
CHL,South America,Chile,2020-08-28,404102.0,1737.0,1750.429,11072.0,82.0,57.286,21139.233,90.865,91.568,579.194,4.29,2.997,30274.0,2325493.0,121.65,1.584,27316.0,1.429,15.605,0.064,tests performed,83.8,19116209.0,24.282,35.4,11.087,6.938,22767.037,1.3,127.993,8.46,34.2,41.5,,2.11,80.18,0.843;;
CHL,South America,Chile,2020-08-29,405972.0,1870.0,1743.286,11132.0,60.0,58.429,21237.056,97.823,91.194,582.333,3.139,3.056,32237.0,2357730.0,123.337,1.686,27675.0,1.448,15.875,0.063,tests performed,83.8,19116209.0,24.282,35.4,11.087,6.938,22767.037,1.3,127.993,8.46,34.2,41.5,,2.11,80.18,0.843;;
CHL,South America,Chile,2020-08-30,408009.0,2037.0,1757.286,11181.0,49.0,55.571,21343.615,106.559,91.926,584.896,2.563,2.907,34769.0,2392499.0,125.156,1.819,28073.0,1.469,15.975,0.063,tests performed,83.8,19116209.0,24.282,35.4,11.087,6.938,22767.037,1.3,127.993,8.46,34.2,41.5,,2.11,80.18,0.843;;
CHL,South America,Chile,2020-08-31,409974.0,1965.0,1758.429,11244.0,63.0,56.0,21446.407,102.792,91.986,588.192,3.296,2.929,31914.0,2424413.0,126.825,1.669,28710.0,1.502,16.327,0.061,tests performed,83.8,19116209.0,24.282,35.4,11.087,6.938,22767.037,1.3,127.993,8.46,34.2,41.5,,2.11,80.18,0.843;;
CHL,South America,Chile,2020-09-01,411726.0,1752.0,1736.857,11289.0,45.0,53.286,21538.057,91.65,90.858,590.546,2.354,2.787,26326.0,2450739.0,128.202,1.377,28971.0,1.516,16.68,0.06,tests performed,83.8,19116209.0,24.282,35.4,11.087,6.938,22767.037,1.3,127.993,8.46,34.2,41.5,,2.11,80.18,0.843;;
CHL,South America,Chile,2020-09-02,413145.0,1419.0,1737.143,11321.0,32.0,51.857,21612.287,74.23,90.873,592.22,1.674,2.713,22746.0,2473485.0,129.392,1.19,29326.0,1.534,16.882,0.059000000000000004,tests performed,83.8,19116209.0,24.282,35.4,11.087,6.938,22767.037,1.3,127.993,8.46,34.2,41.5,,2.11,80.18,0.843;;
CHL,South America,Chile,2020-09-03,414739.0,1594.0,1767.714,11344.0,23.0,50.571,21695.672,83.385,92.472,593.423,1.203,2.645,27242.0,2500727.0,130.817,1.425,29358.0,1.536,16.608,0.06,tests performed,83.8,19116209.0,24.282,35.4,11.087,6.938,22767.037,1.3,127.993,8.46,34.2,41.5,,2.11,80.18,0.843;;
CHL,South America,Chile,2020-09-04,416501.0,1762.0,1771.286,11422.0,78.0,50.0,21787.845,92.173,92.659,597.503,4.08,2.616,31968.0,2532695.0,132.489,1.672,29600.0,1.548,16.711,0.06,tests performed,83.8,19116209.0,24.282,35.4,11.087,6.938,22767.037,1.3,127.993,8.46,34.2,41.5,,2.11,80.18,0.843;;
CHL,South America,Chile,2020-09-05,418469.0,1968.0,1785.286,11494.0,72.0,51.714,21890.794,102.949,93.391,601.27,3.766,2.705,34595.0,2567290.0,134.299,1.81,29937.0,1.566,16.769000000000002,0.06,tests performed,83.8,19116209.0,24.282,35.4,11.087,6.938,22767.037,1.3,127.993,8.46,34.2,41.5,,2.11,80.18,0.843;;
CHL,South America,Chile,2020-09-06,420434.0,1965.0,1775.0,11551.0,57.0,52.857,21993.587,102.792,92.853,604.252,2.982,2.765,35289.0,2602579.0,136.145,1.846,30011.0,1.57,16.908,0.059000000000000004,tests performed,83.8,19116209.0,24.282,35.4,11.087,6.938,22767.037,1.3,127.993,8.46,34.2,41.5,,2.11,80.18,0.843;;
CHL,South America,Chile,2020-09-07,422510.0,2076.0,1790.857,11592.0,41.0,49.714,22102.186,108.599,93.683,606.396,2.145,2.601,30987.0,2633566.0,137.766,1.621,29879.0,1.563,16.684,0.06,tests performed,83.8,19116209.0,24.282,35.4,11.087,6.938,22767.037,1.3,127.993,8.46,34.2,41.5,,2.11,80.18,0.843;;
CHL,South America,Chile,2020-09-08,424274.0,1764.0,1792.571,11652.0,60.0,51.857,22194.463,92.278,93.772,609.535,3.139,2.713,27980.0,2661546.0,139.23,1.464,30115.0,1.575,16.8,0.06,tests performed,83.8,19116209.0,24.282,35.4,11.087,6.938,22767.037,1.3,127.993,8.46,34.2,41.5,,2.11,80.18,0.843;;
CHL,South America,Chile,2020-09-09,425541.0,1267.0,1770.857,11682.0,30.0,51.571,22260.742,66.279,92.636,611.104,1.569,2.698,21805.0,2683351.0,140.37,1.141,29981.0,1.568,16.93,0.059000000000000004,tests performed,83.8,19116209.0,24.282,35.4,11.087,6.938,22767.037,1.3,127.993,8.46,34.2,41.5,,2.11,80.18,0.843;;
CHL,South America,Chile,2020-09-10,427027.0,1486.0,1755.429,11702.0,20.0,51.143,22338.477,77.735,91.829,612.151,1.046,2.675,28313.0,2711664.0,141.852,1.481,30134.0,1.576,17.166,0.057999999999999996,tests performed,83.8,19116209.0,24.282,35.4,11.087,6.938,22767.037,1.3,127.993,8.46,34.2,41.5,,2.11,80.18,0.843;;
CHL,South America,Chile,2020-09-11,428669.0,1642.0,1738.286,11781.0,79.0,51.286,22424.373,85.896,90.933,616.283,4.133,2.683,34082.0,2745746.0,143.634,1.783,30436.0,1.592,17.509,0.057,tests performed,83.8,19116209.0,24.282,35.4,11.087,6.938,22767.037,1.3,127.993,8.46,34.2,41.5,,2.11,80.18,0.843;;
CHL,South America,Chile,2020-09-12,430535.0,1866.0,1723.714,11850.0,69.0,50.857,22521.986,97.613,90.17,619.893,3.61,2.66,38062.0,2783808.0,145.626,1.991,30931.0,1.618,17.944000000000003,0.055999999999999994,tests performed,83.8,19116209.0,24.282,35.4,11.087,6.938,22767.037,1.3,127.993,8.46,34.2,41.5,,2.11,80.18,0.843;;
CHL,South America,Chile,2020-09-13,432666.0,2131.0,1747.429,11895.0,45.0,49.143,22633.463,111.476,91.411,622.247,2.354,2.571,36298.0,2820106.0,147.524,1.899,31075.0,1.626,17.783,0.055999999999999994,tests performed,83.8,19116209.0,24.282,35.4,11.087,6.938,22767.037,1.3,127.993,8.46,34.2,41.5,,2.11,80.18,0.843;;
CHL,South America,Chile,2020-09-14,434748.0,2082.0,1748.286,11949.0,54.0,51.0,22742.375,108.913,91.456,625.072,2.825,2.668,32577.0,2852683.0,149.228,1.704,31302.0,1.637,17.904,0.055999999999999994,tests performed,83.8,19116209.0,24.282,35.4,11.087,6.938,22767.037,1.3,127.993,8.46,34.2,41.5,,2.11,80.18,0.843;;
CHL,South America,Chile,2020-09-15,436433.0,1685.0,1737.0,12013.0,64.0,51.571,22830.52,88.145,90.865,628.42,3.348,2.698,27197.0,2879880.0,150.651,1.423,31191.0,1.632,17.957,0.055999999999999994,tests performed,83.8,19116209.0,24.282,35.4,11.087,6.938,22767.037,1.3,127.993,8.46,34.2,41.5,,2.11,80.18,0.843;;
CHL,South America,Chile,2020-09-16,437983.0,1550.0,1777.429,12040.0,27.0,51.143,22911.603,81.083,92.98,629.832,1.412,2.675,23102.0,2902982.0,151.86,1.209,31376.0,1.641,17.652,0.057,tests performed,83.8,19116209.0,24.282,35.4,11.087,6.938,22767.037,1.3,127.993,8.46,34.2,41.5,,2.11,80.18,0.843;;
CHL,South America,Chile,2020-09-17,439287.0,1304.0,1751.429,12058.0,18.0,50.857,22979.818,68.214,91.62,630.774,0.942,2.66,31646.0,2934628.0,153.515,1.655,31852.0,1.666,18.186,0.055,tests performed,83.8,19116209.0,24.282,35.4,11.087,6.938,22767.037,1.3,127.993,8.46,34.2,41.5,,2.11,80.18,0.843;;
CHL,South America,Chile,2020-09-18,441150.0,1863.0,1783.0,12142.0,84.0,51.571,23077.274,97.457,93.272,635.168,4.394,2.698,33240.0,2967868.0,155.254,1.739,31732.0,1.66,17.797,0.055999999999999994,tests performed,83.8,19116209.0,24.282,35.4,11.087,6.938,22767.037,1.3,127.993,8.46,34.2,41.5,,2.11,80.18,0.843;;
CHL,South America,Chile,2020-09-19,442827.0,1677.0,1756.0,12199.0,57.0,49.857,23165.001,87.727,91.859,638.15,2.982,2.608,34822.0,3002690.0,157.076,1.822,31269.0,1.636,17.807000000000002,0.055999999999999994,tests performed,83.8,19116209.0,24.282,35.4,11.087,6.938,22767.037,1.3,127.993,8.46,34.2,41.5,,2.11,80.18,0.843;;
CHL,South America,Chile,2020-09-20,444674.0,1847.0,1715.429,12254.0,55.0,51.286,23261.621,96.62,89.737,641.027,2.877,2.683,27620.0,3030310.0,158.52,1.445,30029.0,1.571,17.505,0.057,tests performed,83.8,19116209.0,24.282,35.4,11.087,6.938,22767.037,1.3,127.993,8.46,34.2,41.5,,2.11,80.18,0.843;;
CHL,South America,Chile,2020-09-21,446274.0,1600.0,1646.571,12286.0,32.0,48.143,23345.319,83.699,86.135,642.701,1.674,2.518,16822.0,3047132.0,159.4,0.88,27778.0,1.453,16.87,0.059000000000000004,tests performed,83.8,19116209.0,24.282,35.4,11.087,6.938,22767.037,1.3,127.993,8.46,34.2,41.5,,2.11,80.18,0.843;;
CHL,South America,Chile,2020-09-22,447468.0,1194.0,1576.429,12298.0,12.0,40.714,23407.779,62.46,82.466,643.328,0.628,2.13,13389.0,3060521.0,160.101,0.7,25806.0,1.35,16.37,0.061,tests performed,,19116209.0,24.282,35.4,11.087,6.938,22767.037,1.3,127.993,8.46,34.2,41.5,,2.11,80.18,0.843;;
CHL,South America,Chile,2020-09-23,448523.0,1055.0,1505.714,12321.0,23.0,40.143,23462.968,55.189,78.766,644.532,1.203,2.1,,,,,,,,,,,19116209.0,24.282,35.4,11.087,6.938,22767.037,1.3,127.993,8.46,34.2,41.5,,2.11,80.18,0.843;;
CHL,South America,Chile,2020-09-24,449903.0,1380.0,1516.571,12345.0,24.0,41.0,23535.158,72.19,79.334,645.787,1.255,2.145,,,,,,,,,,,19116209.0,24.282,35.4,11.087,6.938,22767.037,1.3,127.993,8.46,34.2,41.5,,2.11,80.18,0.843;;
